step,eval_type,seed,full_reward_rate,standing_rate,fall_count,time_to_first_full
250112,pi,5,0.0000,0.0000,0.0,1000.0
250112,mppi,5,0.0000,0.0000,0.0,1000.0
500224,pi,5,0.0000,0.0000,0.0,1000.0
500224,mppi,5,0.0000,0.0000,0.0,1000.0
750080,pi,5,0.0000,0.0006,0.2,1000.0
750080,mppi,5,0.0000,0.0000,0.0,1000.0
1000192,pi,5,0.0000,0.0052,0.2,1000.0
1000192,mppi,5,0.0023,0.0280,0.3333333333333333,694.3333333333334
1250048,pi,5,0.0040,0.0142,0.4,616.6
1250048,mppi,5,0.0000,0.0000,0.0,1000.0
