step,eval_type,seed,full_reward_rate,standing_rate,fall_count,time_to_first_full
250112,pi,1,0.0000,0.0000,0.0,1000.0
250112,mppi,1,0.0000,0.0000,0.0,1000.0
500224,pi,1,0.0000,0.0114,0.8,1000.0
500224,mppi,1,0.0000,0.0000,0.0,1000.0
750080,pi,1,0.0020,0.0030,0.2,802.6
750080,mppi,1,0.0000,0.0000,0.0,1000.0
1000192,pi,1,0.0008,0.0032,0.8,804.2
1000192,mppi,1,0.0010,0.0017,0.3333333333333333,671.3333333333334
1250048,pi,1,0.0000,0.0008,0.2,1000.0
1250048,mppi,1,0.0017,0.0037,0.6666666666666666,671.3333333333334
1500160,pi,1,0.0000,0.0000,0.0,1000.0
1500160,mppi,1,0.0000,0.0017,0.3333333333333333,1000.0
1750016,pi,1,0.0000,0.0000,0.0,1000.0
1750016,mppi,1,0.0000,0.0000,0.0,1000.0
2000128,pi,1,0.0000,0.0020,0.6,1000.0
2000128,mppi,1,0.0000,0.0000,0.0,1000.0
2250240,pi,1,0.0000,0.0004,0.2,1000.0
2250240,mppi,1,0.0000,0.0000,0.0,1000.0
2500096,pi,1,0.0000,0.0010,0.4,1000.0
2500096,mppi,1,0.0030,0.0040,0.3333333333333333,670.6666666666666
2750208,pi,1,0.0000,0.0000,0.0,1000.0
2750208,mppi,1,0.0000,0.0000,0.0,1000.0
3000064,pi,1,0.0006,0.1410,6.8,816.4
3000064,mppi,1,0.0027,0.0123,0.6666666666666666,370.6666666666667
3250176,pi,1,0.0000,0.0028,0.2,1000.0
3250176,mppi,1,0.0040,0.0113,0.3333333333333333,695.6666666666666
