step,eval_type,seed,full_reward_rate,standing_rate,fall_count,time_to_first_full
250112,pi,3,0.0000,0.0000,0.0,1000.0
250112,mppi,3,0.0000,0.0040,0.3333333333333333,1000.0
500224,pi,3,0.0000,0.0000,0.0,1000.0
500224,mppi,3,0.0000,0.0000,0.0,1000.0
750080,pi,3,0.0002,0.0008,0.4,803.4
750080,mppi,3,0.0000,0.0027,0.3333333333333333,1000.0
