step,eval_type,seed,full_reward_rate,standing_rate,fall_count,time_to_first_full
250112,pi,4,0.0000,0.0052,0.2,1000.0
250112,mppi,4,0.0000,0.0000,0.0,1000.0
500224,pi,4,0.0000,0.0006,0.2,1000.0
500224,mppi,4,0.0027,0.0060,0.3333333333333333,673.0
750080,pi,4,0.0000,0.0030,0.6,1000.0
750080,mppi,4,0.0000,0.0000,0.0,1000.0
1000192,pi,4,0.0018,0.0148,0.6,616.6
1000192,mppi,4,0.0037,0.0160,0.6666666666666666,352.0
